S.NO,DATE/TIME,TYPE,FAULT,BATT VOLT,BATT CURR,LOAD VOLT,LOAD CURR,PH1_V,PH1_I,PH1_F,PH2_V,PH2_I,PH2_F,PH3_V,PH3_I,PH3_F,HS1_TEMP,BATT_TEMP,EXT_TEMP
04/20/26/ 18:36:31,EVENT,   FLOAT MODE   ,0.0,0.0,0.0,0.0,407,0.3,59.8,411,0.1,59.8,410,0.4,59.8,21,206,21
04/20/26/ 18:36:31,EVENT,   LOW DC VOLT  ,0.0,0.0,0.0,0.0,407,0.3,59.8,411,0.1,59.8,410,0.4,59.8,21,206,21
04/20/26/ 18:36:31,EVENT,      EOD       ,0.0,0.0,0.0,0.0,407,0.3,59.8,411,0.1,59.8,410,0.4,59.8,21,206,21
04/20/26/ 18:36:45,EVENT,   CHARGER ON   ,0.0,0.0,1.7,0.0,412,0.1,59.8,415,0.1,59.8,412,0.3,59.8,21,206,20
04/20/26/ 18:37:18,EVENT,   LOW DC VOLT  ,0.0,0.0,0.2,0.0,412,0.4,59.9,415,0.1,59.9,412,0.4,59.8,21,206,21
04/20/26/ 18:37:22,EVENT,      EOD       ,0.0,0.0,0.0,0.0,411,0.3,59.9,415,0.1,59.9,412,0.3,59.9,21,206,21
04/20/26/ 18:37:26,EVENT,   CHARGER ON   ,0.0,0.0,0.0,0.0,412,0.4,59.9,415,0.1,59.9,412,0.4,59.9,21,206,21
04/20/26/ 08:16:07,EVENT, LOW DC CURRENT ,0.0,0.0,0.5,0.0,413,0.4,59.8,417,0.1,59.8,414,0.4,59.8,21,206,20
04/20/26/ 08:16:07,EVENT,   FLOAT MODE   ,0.0,0.0,0.5,0.0,413,0.4,59.8,417,0.1,59.8,414,0.4,59.8,21,206,20
04/20/26/ 08:16:07,EVENT,   LOW DC VOLT  ,0.0,0.0,0.5,0.0,413,0.4,59.8,417,0.1,59.8,414,0.4,59.8,21,206,20
04/20/26/ 08:16:07,EVENT,      EOD       ,0.0,0.0,0.5,0.0,413,0.4,59.8,417,0.1,59.8,414,0.4,59.8,21,206,21
04/20/26/ 08:16:18,EVENT,   CHARGER ON   ,0.0,0.0,1.9,0.0,412,0.3,59.8,415,0.1,59.8,414,0.3,59.8,21,206,20
04/20/26/ 08:16:46,EVENT,     AC FAIL    ,22.2,0.0,25.9,0.8,69,0.0,0.0,65,0.0,0.0,65,0.0,0.0,21,206,21
04/20/26/ 08:16:47,EVENT, AC BREAKER OPN ,15.4,0.0,16.9,0.8,0,0.0,0.0,0,0.0,0.0,0,0.0,0.0,21,206,21
04/20/26/ 08:16:48,EVENT,   LOW DC VOLT  ,10.6,0.0,13.1,16.1,0,0.0,0.0,0,0.0,0.0,0,0.0,0.0,21,200,20
04/20/26/ 08:16:51,EVENT, LOW DC CURRENT ,8.1,0.0,7.7,0.0,414,0.4,0.0,417,0.1,0.0,415,0.1,0.0,21,206,20
04/20/26/ 08:16:54,EVENT,      EOD       ,0.0,0.0,7.5,0.0,414,0.4,60.1,417,0.1,55.9,415,0.1,59.0,21,206,20
04/20/26/ 08:16:59,EVENT,   CHARGER ON   ,0.0,0.0,7.4,0.0,414,0.4,59.8,417,0.1,59.8,415,0.1,59.8,21,206,20
04/20/26/ 08:18:09,EVENT,LDCV BREAKER OPN,28.8,0.0,7.9,0.2,414,0.1,59.8,417,0.4,59.8,415,0.4,59.8,21,206,21
04/20/26/ 08:18:15,EVENT,DCV BREAKER OPN ,0.0,0.0,27.5,0.0,414,0.1,59.8,416,0.4,59.8,414,0.3,59.8,21,206,20
04/20/26/ 08:18:16,EVENT, LOW DC CURRENT ,0.0,0.0,27.5,0.0,414,0.1,59.8,416,0.4,59.8,414,0.3,59.8,21,321,3
04/20/26/ 08:18:25,EVENT,DCV BREAKER OPN ,0.0,0.0,27.6,0.0,414,0.3,59.8,417,0.4,59.8,414,0.3,59.8,21,206,20
04/20/26/ 08:24:03,EVENT,NEGATIVE GROUND ,28.8,0.0,27.2,28.9,411,1.4,59.8,414,1.4,59.8,411,1.4,59.8,21,206,21
04/20/26/ 08:24:21,EVENT,POSITIVE GROUND ,28.8,0.0,27.2,28.9,410,1.4,59.8,415,1.4,59.8,411,1.4,59.8,21,206,21
04/20/26/ 08:24:41,EVENT,NEGATIVE GROUND ,28.8,0.0,27.2,29.2,411,1.4,59.8,415,1.4,59.8,412,1.4,59.8,22,206,21
04/20/26/ 08:26:04,EVENT,  EQUALIZE MODE ,31.9,0.0,30.2,32.3,411,1.7,59.8,415,1.7,59.8,412,1.7,59.8,22,206,21
04/20/26/ 08:26:04,EVENT,  HIGH DC VOLT  ,31.9,0.0,30.2,32.3,411,1.7,59.8,415,1.7,59.8,412,1.7,59.8,22,206,21
04/20/26/ 08:26:22,EVENT,   HV SHUTDOWN  ,0.0,0.0,0.0,0.0,414,0.4,60.2,417,0.1,60.2,415,0.4,60.2,22,206,21
04/20/26/ 08:26:22,EVENT,   LOW DC VOLT  ,0.0,0.0,0.0,0.0,414,0.4,60.2,417,0.1,60.2,415,0.4,60.2,22,206,21
04/20/26/ 08:26:24,EVENT, LOW DC CURRENT ,0.0,0.0,0.0,0.0,415,0.4,59.8,417,0.1,59.8,415,0.4,59.8,22,206,21
04/20/26/ 08:26:27,EVENT,      EOD       ,0.0,0.0,0.0,0.0,415,0.4,59.8,417,0.1,59.8,415,0.4,59.8,22,206,21
04/20/26/ 08:27:03,EVENT, LOW DC CURRENT ,0.0,0.0,0.0,0.0,414,0.4,59.8,417,0.1,59.8,415,0.4,59.8,22,206,21
04/20/26/ 08:27:03,EVENT,  EQUALIZE MODE ,0.0,0.0,0.0,0.0,414,0.4,59.8,417,0.1,59.8,415,0.4,59.8,22,206,21
04/20/26/ 08:27:03,EVENT,   LOW DC VOLT  ,0.0,0.0,0.0,0.0,414,0.4,59.8,417,0.1,59.8,415,0.4,59.8,22,206,21
04/20/26/ 08:27:03,EVENT,      EOD       ,0.0,0.0,0.0,0.0,414,0.4,59.8,417,0.1,59.8,415,0.4,59.8,22,206,21
04/20/26/ 08:27:09,EVENT,   FLOAT MODE   ,0.0,0.0,0.0,0.0,414,0.4,59.8,417,0.1,59.8,415,0.4,59.8,22,206,21
04/20/26/ 08:27:15,EVENT,   CHARGER ON   ,0.0,0.0,4.1,3.4,414,0.4,59.8,417,0.4,59.8,415,0.3,59.8,22,206,21
04/20/26/ 08:30:15,EVENT, LOW DC CURRENT ,28.8,0.0,27.5,0.0,414,0.3,59.8,417,0.4,59.8,415,0.3,59.8,22,206,21
04/20/26/ 08:30:31,EVENT,  EXT AUX OPEN  ,28.8,0.0,27.5,0.0,413,0.3,59.8,417,0.4,59.8,415,0.4,59.8,23,206,21
04/20/26/ 08:31:13,EVENT,   EQ  INHIBIT  ,28.8,0.0,27.5,0.0,414,0.3,59.8,417,0.4,59.8,415,0.4,59.8,22,206,21
04/20/26/ 08:58:58,EVENT, LOW DC CURRENT ,29.1,0.0,27.8,0.0,401,0.1,59.8,402,0.4,59.8,404,0.4,59.8,22,19,21
04/20/26/ 09:02:58,EVENT,  EQUALIZE MODE ,31.2,0.0,30.8,0.2,422,0.1,59.9,424,0.4,59.9,425,0.4,59.9,22,19,21
04/20/26/ 09:30:20,EVENT,   LOW DC VOLT  ,24.7,0.0,23.7,3.0,369,6.5,59.8,369,6.8,59.8,371,7.0,59.8,28,19,22
04/20/26/ 09:30:48,EVENT,   LOW DC VOLT  ,21.2,0.0,20.4,3.0,404,5.2,59.8,405,5.4,59.8,406,5.5,59.8,28,18,22
04/20/26/ 09:31:30,EVENT,   LOW DC VOLT  ,25.1,0.0,24.2,3.0,397,6.7,59.8,398,6.8,59.8,401,7.0,59.8,27,17,22
04/20/26/ 09:32:51,EVENT,   FLOAT MODE   ,24.8,0.0,23.9,3.0,407,5.4,61.3,437,6.0,61.3,435,6.2,60.6,28,18,22
04/20/26/ 09:33:52,EVENT,   LOW DC VOLT  ,26.0,0.0,25.1,3.0,399,6.8,59.9,399,7.0,59.9,401,7.3,59.9,28,17,22
04/20/26/ 09:34:00,EVENT,   LOW DC VOLT  ,25.8,0.0,22.9,3.0,400,6.2,59.9,401,6.3,59.9,402,6.5,59.9,28,17,22
04/20/26/ 09:34:43,EVENT,   LOW DC VOLT  ,25.8,0.0,24.7,3.0,366,6.8,59.8,367,7.0,59.8,368,7.1,59.8,29,18,22
04/20/26/ 10:04:10,EVENT, LOW DC CURRENT ,0.0,0.0,0.3,0.0,411,0.4,59.8,412,0.1,59.8,415,0.4,59.8,27,19,23
04/20/26/ 10:04:10,EVENT,   FLOAT MODE   ,0.0,0.0,0.3,0.0,411,0.4,59.8,412,0.1,59.8,415,0.4,59.8,27,19,23
04/20/26/ 10:04:10,EVENT,   LOW DC VOLT  ,0.0,0.0,0.3,0.0,411,0.4,59.8,412,0.1,59.8,415,0.4,59.8,27,19,23
04/20/26/ 10:04:10,EVENT,      EOD       ,0.0,0.0,0.3,0.0,411,0.4,59.8,412,0.1,59.8,415,0.4,59.8,27,19,23
04/20/26/ 10:04:21,EVENT,   CHARGER ON   ,0.0,0.0,2.9,0.0,411,0.4,59.8,412,0.1,59.8,415,0.3,59.8,27,19,23
04/20/26/ 10:08:13,EVENT, LOW DC CURRENT ,0.1,0.0,3.1,0.0,396,0.4,59.9,397,0.1,59.9,398,0.4,59.9,27,19,23
04/20/26/ 10:08:13,EVENT,   FLOAT MODE   ,0.1,0.0,3.1,0.0,396,0.4,59.9,397,0.1,59.9,398,0.4,59.9,27,19,23
04/20/26/ 10:08:13,EVENT,   LOW DC VOLT  ,0.1,0.0,3.1,0.0,396,0.4,59.9,397,0.1,59.9,398,0.4,59.9,27,19,23
04/20/26/ 10:08:13,EVENT,      EOD       ,0.1,0.0,3.1,0.0,396,0.4,59.9,397,0.1,59.9,398,0.4,59.9,27,19,23
04/20/26/ 10:08:24,EVENT,   CHARGER ON   ,0.0,0.0,3.1,0.0,397,0.3,59.8,397,0.1,59.8,399,0.3,59.8,27,19,23
04/20/26/ 10:09:05,EVENT,   LOW DC VOLT  ,25.8,0.0,25.5,0.0,396,0.1,59.9,398,0.4,59.9,398,0.3,59.9,27,63,23
04/20/26/ 10:09:06,EVENT, BATT OVER TEMP ,25.8,0.0,25.5,0.2,397,0.1,59.9,397,0.4,59.9,399,0.4,59.9,27,64,23
04/20/26/ 10:09:29,EVENT,      EOD       ,1.1,0.0,10.0,0.0,397,0.4,59.9,397,0.1,59.9,399,0.1,59.9,27,99,23
04/20/26/ 10:09:42,EVENT,   CHARGER ON   ,0.6,0.0,9.9,0.0,396,0.4,59.9,397,0.1,59.9,398,0.1,59.9,27,206,23
04/20/26/ 10:10:58,EVENT,  EQUALIZE MODE ,30.9,0.0,30.5,0.2,396,0.1,59.9,397,0.4,59.9,398,0.4,59.9,27,206,23
01/01/00/ 10:15:01,EVENT,     AC FAIL    ,15.0,0.0,2.8,0.0,0,0.0,0.0,0,0.0,0.0,0,0.0,0.0,27,206,23
04/20/26/ 10:15:06,EVENT, LOW DC CURRENT ,13.9,0.0,2.8,2.7,0,0.0,0.0,0,0.0,0.0,0,0.0,0.0,27,206,23
04/20/26/ 10:15:06,EVENT,  EQUALIZE MODE ,13.9,0.0,2.8,2.7,0,0.0,0.0,0,0.0,0.0,0,0.0,0.0,27,206,23
04/20/26/ 10:15:06,EVENT,   LOW DC VOLT  ,13.9,0.0,2.8,2.7,0,0.0,0.0,0,0.0,0.0,0,0.0,0.0,27,206,23
04/20/26/ 10:15:06,EVENT,      EOD       ,13.9,0.0,2.8,2.7,0,0.0,0.0,0,0.0,0.0,0,0.0,0.0,27,206,23
04/20/26/ 10:15:11,EVENT, LOW DC CURRENT ,15.5,0.0,2.8,0.0,0,0.0,0.0,0,0.0,0.0,0,0.0,0.0,27,206,23
04/20/26/ 10:15:11,EVENT,   FLOAT MODE   ,15.5,0.0,2.8,0.0,0,0.0,0.0,0,0.0,0.0,0,0.0,0.0,27,206,23
01/01/00/ 15:34:38,EVENT,     AC FAIL    ,25.9,0.0,0.0,0.0,0,0.0,0.0,0,0.0,0.0,0,0.0,0.0,30,207,30
01/01/00/ 15:34:38,EVENT, AC BREAKER OPN ,25.9,0.0,0.0,0.0,0,0.0,0.0,0,0.0,0.0,0,0.0,0.0,30,207,30
07/20/26/ 14:13:07,EVENT, LOW DC CURRENT ,25.9,0.0,0.0,0.0,0,0.0,0.0,0,0.0,0.0,0,0.0,0.0,30,207,30
07/20/26/ 14:13:07,EVENT,   FLOAT MODE   ,25.9,0.0,0.0,0.0,0,0.0,0.0,0,0.0,0.0,0,0.0,0.0,30,207,30
07/20/26/ 14:13:07,EVENT,   LOW DC VOLT  ,25.9,0.0,0.0,0.0,0,0.0,0.0,0,0.0,0.0,0,0.0,0.0,30,207,30
07/20/26/ 14:13:07,EVENT,      EOD       ,25.9,0.0,0.0,0.0,0,0.0,0.0,0,0.0,0.0,0,0.0,0.0,30,207,30
01/01/00/ 14:13:58,EVENT,     AC FAIL    ,25.9,0.0,0.0,0.0,0,0.0,0.0,0,0.0,0.0,0,0.0,0.0,30,207,30
01/01/00/ 14:13:58,EVENT, AC BREAKER OPN ,25.9,0.0,0.0,0.0,0,0.0,0.0,0,0.0,0.0,0,0.0,0.0,30,207,30
07/20/26/ 14:14:00,EVENT, LOW DC CURRENT ,25.9,0.0,0.0,0.0,0,0.0,0.0,0,0.0,0.0,0,0.0,0.0,30,207,30
07/20/26/ 14:14:00,EVENT,   FLOAT MODE   ,25.9,0.0,0.0,0.0,0,0.0,0.0,0,0.0,0.0,0,0.0,0.0,30,207,30
07/20/26/ 14:14:00,EVENT,   LOW DC VOLT  ,25.9,0.0,0.0,0.0,0,0.0,0.0,0,0.0,0.0,0,0.0,0.0,30,207,30
07/20/26/ 14:14:00,EVENT,      EOD       ,25.9,0.0,0.0,0.0,0,0.0,0.0,0,0.0,0.0,0,0.0,0.0,30,207,30
01/01/00/ 14:14:26,EVENT,     AC FAIL    ,28.0,0.0,0.0,0.0,0,0.0,0.0,0,0.0,0.0,0,0.0,0.0,30,207,30
01/01/00/ 14:14:26,EVENT, AC BREAKER OPN ,28.0,0.0,0.0,0.0,0,0.0,0.0,0,0.0,0.0,0,0.0,0.0,30,207,30
07/20/26/ 14:14:29,EVENT, LOW DC CURRENT ,28.0,0.0,0.6,0.0,0,0.0,0.0,0,0.0,0.0,0,0.0,0.0,30,207,30
07/20/26/ 14:14:29,EVENT,   FLOAT MODE   ,28.0,0.0,0.6,0.0,0,0.0,0.0,0,0.0,0.0,0,0.0,0.0,30,207,30
07/20/26/ 14:14:29,EVENT,   LOW DC VOLT  ,28.0,0.0,0.6,0.0,0,0.0,0.0,0,0.0,0.0,0,0.0,0.0,30,207,30
07/20/26/ 14:14:29,EVENT,      EOD       ,28.0,0.0,0.6,0.0,0,0.0,0.0,0,0.0,0.0,0,0.0,0.0,30,207,30
01/01/00/ 14:42:13,EVENT,     AC FAIL    ,28.0,0.0,0.5,0.0,0,0.0,0.0,0,0.0,0.0,0,0.0,0.0,31,206,30
01/01/00/ 14:42:13,EVENT, AC BREAKER OPN ,28.0,0.0,0.5,0.0,0,0.0,0.0,0,0.0,0.0,0,0.0,0.0,31,206,30
07/20/26/ 14:42:15,EVENT, LOW DC CURRENT ,28.0,0.0,0.0,0.0,0,0.0,0.0,0,0.0,0.0,0,0.0,0.0,31,206,30
07/20/26/ 14:42:15,EVENT,   FLOAT MODE   ,28.0,0.0,0.0,0.0,0,0.0,0.0,0,0.0,0.0,0,0.0,0.0,31,206,30
07/20/26/ 14:42:15,EVENT,   LOW DC VOLT  ,28.0,0.0,0.0,0.0,0,0.0,0.0,0,0.0,0.0,0,0.0,0.0,31,206,30
07/20/26/ 14:42:15,EVENT,      EOD       ,28.0,0.0,0.0,0.0,0,0.0,0.0,0,0.0,0.0,0,0.0,0.0,31,206,30
01/01/00/ 15:07:40,EVENT,     AC FAIL    ,28.0,0.0,0.0,0.0,0,0.0,0.0,0,0.0,0.0,0,0.0,0.0,31,207,30
01/01/00/ 15:07:40,EVENT, AC BREAKER OPN ,28.0,0.0,0.0,0.0,0,0.0,0.0,0,0.0,0.0,0,0.0,0.0,31,207,30
07/20/26/ 15:07:42,EVENT,   FLOAT MODE   ,28.0,0.0,0.0,0.0,0,0.0,0.0,0,0.0,0.0,0,0.0,0.0,31,206,30
07/20/26/ 15:07:42,EVENT,LDCV BREAKER OPN,28.0,0.0,0.0,0.0,0,0.0,0.0,0,0.0,0.0,0,0.0,0.0,31,206,30
01/01/00/ 15:12:19,EVENT,     AC FAIL    ,28.0,0.0,0.0,0.0,0,0.0,0.0,0,0.0,0.0,0,0.0,0.0,31,207,30
01/01/00/ 15:12:19,EVENT, AC BREAKER OPN ,28.0,0.0,0.0,0.0,0,0.0,0.0,0,0.0,0.0,0,0.0,0.0,31,207,30
01/01/00/ 15:12:34,EVENT,     AC FAIL    ,28.0,0.0,0.0,0.0,0,0.0,0.0,0,0.0,0.0,0,0.0,0.0,31,207,30
01/01/00/ 15:12:34,EVENT, AC BREAKER OPN ,28.0,0.0,0.0,0.0,0,0.0,0.0,0,0.0,0.0,0,0.0,0.0,31,207,30
07/20/26/ 15:12:37,EVENT,   FLOAT MODE   ,28.0,0.0,0.0,0.0,0,0.0,0.0,0,0.0,0.0,0,0.0,0.0,31,207,30
07/20/26/ 15:12:37,EVENT,LDCV BREAKER OPN,28.0,0.0,0.0,0.0,0,0.0,0.0,0,0.0,0.0,0,0.0,0.0,31,207,30
07/20/26/ 15:12:43,EVENT,   LOW DC VOLT  ,24.6,0.0,0.0,0.0,0,0.0,0.0,0,0.0,0.0,0,0.0,0.0,31,207,30
01/01/00/ 15:15:19,EVENT,     AC FAIL    ,28.0,0.0,0.0,0.0,0,0.0,0.0,0,0.0,0.0,0,0.0,0.0,31,207,30
01/01/00/ 15:15:19,EVENT, AC BREAKER OPN ,28.0,0.0,0.0,0.0,0,0.0,0.0,0,0.0,0.0,0,0.0,0.0,31,207,30
07/20/26/ 15:15:23,EVENT,   FLOAT MODE   ,28.0,0.0,0.0,0.0,0,0.0,0.0,0,0.0,0.0,0,0.0,0.0,31,207,30
07/20/26/ 15:15:23,EVENT,LDCV BREAKER OPN,28.0,0.0,0.0,0.0,0,0.0,0.0,0,0.0,0.0,0,0.0,0.0,31,207,30
01/01/00/ 15:16:41,EVENT,     AC FAIL    ,28.0,0.0,0.0,0.0,0,0.0,0.0,0,0.0,0.0,0,0.0,0.0,31,207,30
01/01/00/ 15:16:41,EVENT, AC BREAKER OPN ,28.0,0.0,0.0,0.0,0,0.0,0.0,0,0.0,0.0,0,0.0,0.0,31,207,30
07/20/26/ 15:16:44,EVENT,   FLOAT MODE   ,28.0,0.0,0.0,0.0,0,0.0,0.0,0,0.0,0.0,0,0.0,0.0,31,207,30
07/20/26/ 15:16:44,EVENT,LDCV BREAKER OPN,28.0,0.0,0.0,0.0,0,0.0,0.0,0,0.0,0.0,0,0.0,0.0,31,207,30
01/01/00/ 15:22:50,EVENT,     AC FAIL    ,28.0,0.0,0.0,0.0,0,0.0,0.0,0,0.0,0.0,0,0.0,0.0,31,207,30
01/01/00/ 15:22:50,EVENT, AC BREAKER OPN ,28.0,0.0,0.0,0.0,0,0.0,0.0,0,0.0,0.0,0,0.0,0.0,31,207,30
07/20/26/ 15:22:53,EVENT,   FLOAT MODE   ,28.0,0.0,0.0,0.0,0,0.0,0.0,0,0.0,0.0,0,0.0,0.0,31,207,30
07/20/26/ 15:22:53,EVENT,LDCV BREAKER OPN,28.0,0.0,0.0,0.0,0,0.0,0.0,0,0.0,0.0,0,0.0,0.0,31,207,30
01/01/00/ 15:23:01,EVENT,     AC FAIL    ,28.0,0.0,0.0,0.0,0,0.0,0.0,0,0.0,0.0,0,0.0,0.0,31,207,30
01/01/00/ 15:23:01,EVENT, AC BREAKER OPN ,28.0,0.0,0.0,0.0,0,0.0,0.0,0,0.0,0.0,0,0.0,0.0,31,207,30
03/01/00/ 13:34:41,EVENT,     AC FAIL    ,28.0,0.0,0.0,0.0,0,0.0,0.0,0,0.0,0.0,0,0.0,0.0,29,207,29
03/01/00/ 13:34:41,EVENT, AC BREAKER OPN ,28.0,0.0,0.0,0.0,0,0.0,0.0,0,0.0,0.0,0,0.0,0.0,29,207,29
01/01/00/ 13:35:04,EVENT,     AC FAIL    ,28.0,0.0,0.0,0.0,0,0.0,0.0,0,0.0,0.0,0,0.0,0.0,29,207,29
01/01/00/ 13:35:04,EVENT, AC BREAKER OPN ,28.0,0.0,0.0,0.0,0,0.0,0.0,0,0.0,0.0,0,0.0,0.0,29,207,29
01/01/00/ 13:35:14,EVENT,     AC FAIL    ,28.0,0.0,0.0,0.0,0,0.0,0.0,0,0.0,0.0,0,0.0,0.0,29,207,29
01/01/00/ 13:35:14,EVENT, AC BREAKER OPN ,28.0,0.0,0.0,0.0,0,0.0,0.0,0,0.0,0.0,0,0.0,0.0,29,207,29
07/22/26/ 13:35:16,EVENT,   FLOAT MODE   ,28.0,0.0,0.0,0.0,0,0.0,0.0,0,0.0,0.0,0,0.0,0.0,29,207,29
07/22/26/ 13:35:16,EVENT,LDCV BREAKER OPN,28.0,0.0,0.0,0.0,0,0.0,0.0,0,0.0,0.0,0,0.0,0.0,29,207,29
01/01/00/ 13:38:34,EVENT,     AC FAIL    ,28.0,0.0,0.0,0.0,0,0.0,0.0,0,0.0,0.0,0,0.0,0.0,29,207,29
01/01/00/ 13:38:34,EVENT, AC BREAKER OPN ,28.0,0.0,0.0,0.0,0,0.0,0.0,0,0.0,0.0,0,0.0,0.0,29,207,29
07/24/26/ 09:21:12,EVENT, LOW DC CURRENT ,0.0,0.0,0.0,0.0,323,0.3,59.9,323,0.1,59.8,323,0.1,59.9,30,207,29
07/24/26/ 09:21:12,EVENT,    AC L3 LO    ,0.0,0.0,0.0,0.0,323,0.3,59.9,323,0.1,59.8,323,0.1,59.9,30,207,29
07/24/26/ 09:21:12,EVENT,    AC L2 LO    ,0.0,0.0,0.0,0.0,323,0.3,59.9,323,0.1,59.8,323,0.1,59.9,30,207,29
07/24/26/ 09:21:12,EVENT,    AC L1 LO    ,0.0,0.0,0.0,0.0,323,0.3,59.9,323,0.1,59.8,323,0.1,59.9,30,207,29
07/24/26/ 09:21:12,EVENT,   FLOAT MODE   ,0.0,0.0,0.0,0.0,323,0.3,59.9,323,0.1,59.8,323,0.1,59.9,30,207,29
07/24/26/ 09:21:12,EVENT,   LOW DC VOLT  ,0.0,0.0,0.0,0.0,323,0.3,59.9,323,0.1,59.8,323,0.1,59.9,30,207,29
07/24/26/ 09:21:12,EVENT,      EOD       ,0.0,0.0,0.0,0.0,323,0.3,59.9,323,0.1,59.8,323,0.1,59.9,30,207,29
07/24/26/ 09:22:03,EVENT,   CHARGER ON   ,27.9,0.0,27.6,0.0,394,0.3,59.9,394,0.4,59.9,394,0.1,59.9,30,207,29
07/24/26/ 09:22:18,EVENT,  EQUALIZE MODE ,30.9,0.0,30.5,0.0,394,0.1,59.8,394,0.4,59.8,394,0.1,59.8,30,207,29
01/01/00/ 09:32:21,EVENT,     AC FAIL    ,25.9,0.0,25.5,0.0,0,0.0,0.0,0,0.0,0.0,0,0.0,0.0,30,207,29
01/01/00/ 09:32:21,EVENT, AC BREAKER OPN ,25.9,0.0,25.5,0.0,0,0.0,0.0,0,0.0,0.0,0,0.0,0.0,30,207,29
07/24/26/ 09:32:23,EVENT, LOW DC CURRENT ,25.9,0.0,25.5,0.0,0,0.0,0.0,0,0.0,0.0,0,0.0,0.0,30,207,29
07/24/26/ 09:32:23,EVENT,   FLOAT MODE   ,25.9,0.0,25.5,0.0,0,0.0,0.0,0,0.0,0.0,0,0.0,0.0,30,207,29
07/24/26/ 09:32:23,EVENT,   LOW DC VOLT  ,25.9,0.0,25.5,0.0,0,0.0,0.0,0,0.0,0.0,0,0.0,0.0,30,207,29
01/01/00/ 09:33:40,EVENT,DCV BREAKER OPN ,0.0,0.0,1.3,0.0,393,0.4,59.8,393,0.1,59.8,394,0.4,59.8,30,207,29
07/24/26/ 09:33:43,EVENT, LOW DC CURRENT ,0.0,0.0,1.3,0.0,393,0.4,59.8,394,0.1,59.8,394,0.3,59.8,30,207,29
07/24/26/ 09:33:43,EVENT,   FLOAT MODE   ,0.0,0.0,1.3,0.0,393,0.4,59.8,394,0.1,59.8,394,0.3,59.8,30,207,29
07/24/26/ 09:33:43,EVENT,   LOW DC VOLT  ,0.0,0.0,1.3,0.0,393,0.4,59.8,394,0.1,59.8,394,0.3,59.8,30,207,29
07/24/26/ 09:33:43,EVENT,      EOD       ,0.0,0.0,1.3,0.0,393,0.4,59.8,394,0.1,59.8,394,0.3,59.8,30,207,29
07/24/26/ 10:35:44,EVENT,   FLOAT MODE   ,13.1,0.0,0.0,13.9,392,0.3,59.9,392,0.1,59.9,393,0.1,59.9,31,207,30
07/24/26/ 10:35:44,EVENT,   LOW DC VOLT  ,13.1,0.0,0.0,13.9,392,0.3,59.9,392,0.1,59.9,393,0.1,59.9,31,207,30
07/24/26/ 10:35:44,EVENT,      EOD       ,13.1,0.0,0.0,13.9,392,0.3,59.9,392,0.1,59.9,393,0.1,59.9,31,207,30
07/24/26/ 10:37:31,EVENT, LOW DC CURRENT ,20.9,0.0,20.5,0.0,392,0.4,59.8,392,0.1,59.8,392,0.1,59.8,31,207,30
07/24/26/ 10:37:31,EVENT,   FLOAT MODE   ,20.9,0.0,20.5,0.0,392,0.4,59.8,392,0.1,59.8,392,0.1,59.8,31,207,30
07/24/26/ 10:37:31,EVENT,   LOW DC VOLT  ,20.9,0.0,20.5,0.0,392,0.4,59.8,392,0.1,59.8,392,0.1,59.8,31,207,30
07/24/26/ 10:37:31,EVENT,      EOD       ,20.9,0.0,20.5,0.0,392,0.4,59.8,392,0.1,59.8,392,0.1,59.8,31,207,30
07/24/26/ 10:38:16,EVENT, LOW DC CURRENT ,19.8,0.0,19.5,0.0,392,0.4,59.8,392,0.1,59.8,392,0.1,59.8,31,207,30
07/24/26/ 10:38:16,EVENT,   FLOAT MODE   ,19.8,0.0,19.5,0.0,392,0.4,59.8,392,0.1,59.8,392,0.1,59.8,31,207,30
07/24/26/ 10:38:16,EVENT,   LOW DC VOLT  ,19.8,0.0,19.5,0.0,392,0.4,59.8,392,0.1,59.8,392,0.1,59.8,31,207,30
07/24/26/ 10:38:16,EVENT,      EOD       ,19.8,0.0,19.4,0.0,392,0.4,59.8,392,0.1,59.8,392,0.1,59.8,31,207,30
07/24/26/ 10:40:34,EVENT,   FLOAT MODE   ,13.1,0.0,19.3,14.2,391,0.3,59.8,389,0.1,59.8,392,0.1,59.8,31,207,30
07/24/26/ 10:40:34,EVENT,   LOW DC VOLT  ,13.1,0.0,19.3,14.2,391,0.3,59.8,389,0.1,59.8,392,0.1,59.8,31,207,30
07/24/26/ 10:40:34,EVENT,      EOD       ,13.1,0.0,19.3,14.2,391,0.3,59.8,389,0.1,59.8,392,0.1,59.8,31,207,30
01/01/00/ 10:41:37,EVENT,     AC FAIL    ,19.8,0.0,18.6,0.0,0,0.0,0.0,0,0.0,0.0,0,0.0,0.0,31,207,30
01/01/00/ 10:41:37,EVENT, AC BREAKER OPN ,19.8,0.0,18.6,0.0,0,0.0,0.0,0,0.0,0.0,0,0.0,0.0,31,207,30
07/24/26/ 10:41:41,EVENT, LOW DC CURRENT ,19.8,0.0,18.5,0.0,0,0.0,0.0,0,0.0,0.0,0,0.0,0.0,31,207,30
07/24/26/ 10:41:41,EVENT,   FLOAT MODE   ,19.8,0.0,18.5,0.0,0,0.0,0.0,0,0.0,0.0,0,0.0,0.0,31,207,30
07/24/26/ 10:41:41,EVENT,   LOW DC VOLT  ,19.8,0.0,18.5,0.0,0,0.0,0.0,0,0.0,0.0,0,0.0,0.0,31,207,30
07/24/26/ 10:41:41,EVENT,      EOD       ,19.8,0.0,18.5,0.0,0,0.0,0.0,0,0.0,0.0,0,0.0,0.0,31,207,30
01/01/00/ 10:42:12,EVENT,     AC FAIL    ,25.9,0.0,25.5,0.0,0,0.0,0.0,0,0.0,0.0,0,0.0,0.0,31,207,30
01/01/00/ 10:42:12,EVENT, AC BREAKER OPN ,25.9,0.0,25.5,0.0,0,0.0,0.0,0,0.0,0.0,0,0.0,0.0,31,207,30
07/24/26/ 10:42:16,EVENT, LOW DC CURRENT ,25.9,0.0,25.5,0.0,0,0.0,0.0,0,0.0,0.0,0,0.0,0.0,31,207,30
07/24/26/ 10:42:16,EVENT,   FLOAT MODE   ,25.9,0.0,25.5,0.0,0,0.0,0.0,0,0.0,0.0,0,0.0,0.0,31,207,30
07/24/26/ 10:42:16,EVENT,   LOW DC VOLT  ,25.9,0.0,25.5,0.0,0,0.0,0.0,0,0.0,0.0,0,0.0,0.0,31,207,30
01/01/00/ 10:43:06,EVENT,     AC FAIL    ,20.9,0.0,14.5,0.0,0,0.0,0.0,0,0.0,0.0,0,0.0,0.0,31,207,30
01/01/00/ 10:43:06,EVENT, AC BREAKER OPN ,20.9,0.0,14.5,0.0,0,0.0,0.0,0,0.0,0.0,0,0.0,0.0,31,207,30
07/24/26/ 10:43:09,EVENT, LOW DC CURRENT ,20.9,0.0,14.4,0.0,0,0.0,0.0,0,0.0,0.0,0,0.0,0.0,31,207,30
07/24/26/ 10:43:09,EVENT,   FLOAT MODE   ,20.9,0.0,14.4,0.0,0,0.0,0.0,0,0.0,0.0,0,0.0,0.0,31,207,30
07/24/26/ 10:43:09,EVENT,   LOW DC VOLT  ,20.9,0.0,14.4,0.0,0,0.0,0.0,0,0.0,0.0,0,0.0,0.0,31,207,30
07/24/26/ 10:43:09,EVENT,      EOD       ,20.9,0.0,14.4,0.0,0,0.0,0.0,0,0.0,0.0,0,0.0,0.0,31,207,30
01/01/00/ 10:45:58,EVENT,     AC FAIL    ,11.7,0.0,8.4,31.0,0,0.0,0.0,0,0.0,0.0,0,0.0,0.0,31,206,30
01/01/00/ 10:45:58,EVENT, AC BREAKER OPN ,11.7,0.0,8.4,31.0,0,0.0,0.0,0,0.0,0.0,0,0.0,0.0,31,206,30
07/24/26/ 10:46:01,EVENT,   FLOAT MODE   ,11.7,0.0,8.4,31.7,0,0.0,0.0,0,0.0,0.0,0,0.0,0.0,31,206,30
07/24/26/ 10:46:01,EVENT,   LOW DC VOLT  ,11.7,0.0,8.4,31.7,0,0.0,0.0,0,0.0,0.0,0,0.0,0.0,31,206,30
07/24/26/ 10:46:01,EVENT,      EOD       ,11.7,0.0,8.4,31.7,0,0.0,0.0,0,0.0,0.0,0,0.0,0.0,31,206,30
07/24/26/ 13:17:51,EVENT, LOW DC CURRENT ,0.0,0.0,0.0,0.0,401,0.4,59.9,402,0.1,59.9,402,0.3,59.9,30,207,30
07/24/26/ 13:17:51,EVENT,   FLOAT MODE   ,0.0,0.0,0.0,0.0,401,0.4,59.9,402,0.1,59.9,402,0.3,59.9,30,207,30
07/24/26/ 13:17:51,EVENT,   LOW DC VOLT  ,0.0,0.0,0.0,0.0,401,0.4,59.9,402,0.1,59.9,402,0.3,59.9,30,207,30
07/24/26/ 13:17:51,EVENT,      EOD       ,0.0,0.0,0.0,0.0,401,0.4,59.9,402,0.1,59.9,402,0.3,59.9,30,207,30
01/01/00/ 14:41:32,EVENT,DCV BREAKER OPN ,0.0,0.0,0.0,0.0,469,0.1,59.8,469,0.1,59.8,472,0.3,59.8,30,207,30
07/24/26/ 14:41:35,EVENT, LOW DC CURRENT ,0.0,0.0,0.0,0.0,469,0.3,59.8,469,0.1,59.8,472,0.4,59.8,30,207,30
07/24/26/ 14:41:35,EVENT,    AC L3 HI    ,0.0,0.0,0.0,0.0,469,0.3,59.8,469,0.1,59.8,472,0.4,59.8,30,207,30
07/24/26/ 14:41:35,EVENT,    AC L2 HI    ,0.0,0.0,0.0,0.0,469,0.3,59.8,469,0.1,59.8,472,0.4,59.8,30,207,30
07/24/26/ 14:41:35,EVENT,    AC L1 HI    ,0.0,0.0,0.0,0.0,469,0.3,59.8,469,0.1,59.8,472,0.4,59.8,30,207,30
07/24/26/ 14:41:35,EVENT,   FLOAT MODE   ,0.0,0.0,0.0,0.0,469,0.3,59.8,469,0.1,59.8,472,0.4,59.8,30,207,30
07/24/26/ 14:41:35,EVENT,   LOW DC VOLT  ,0.0,0.0,0.0,0.0,469,0.3,59.8,469,0.1,59.8,472,0.4,59.8,30,207,30
07/24/26/ 14:41:35,EVENT,      EOD       ,0.0,0.0,0.0,0.0,469,0.3,59.8,469,0.1,59.8,472,0.4,59.8,30,207,30
07/24/26/ 14:42:29,EVENT,   CHARGER ON   ,27.9,0.0,27.6,0.0,469,0.1,59.9,469,0.4,59.9,472,0.4,59.9,30,207,30
07/25/26/ 09:49:22,EVENT,   FLOAT MODE   ,0.0,0.0,17.0,0.0,455,0.4,59.8,456,0.1,59.8,456,0.1,59.8,43,207,39
07/25/26/ 09:49:22,EVENT,   LOW DC VOLT  ,0.0,0.0,17.0,0.0,455,0.4,59.8,456,0.1,59.8,456,0.1,59.8,43,207,39
07/25/26/ 09:49:22,EVENT,      EOD       ,0.0,0.0,17.0,0.0,455,0.4,59.8,456,0.1,59.8,456,0.1,59.8,43,207,39
